fid,kid,name
12087362,265,Forky
12202504,364,hailey
8515898,364,rozi
11973061,265,Ditto
10729521,265,Roo
8679881,381,Icyee_1013
26173804,265,麦わらさん
10089076,265,star
9859239,265,fresh
10334538,265,grandpa
9761224,101,bbonnie
8499768,265,mandu
8417709,265,dumpling
60283991,265,baby forky
12120648,265,slowshelter
11317325,265,kapadokya
9531838,265,key
12087685,265,manenim
12398649,265,hailey baby
12156649,265,esraa
10990014,265,goldens
11039116,265,thnx
9304227,265,benc
519683,265,pengon
10121513,265,lina
11039116,265,small potato
470724,265,cocoa
